{"hour":719,"temperature_plot":{"sha256":"fa015a8356752457752f0033132efc3495028eadf212c9955d858373fdad37e6","size":182791,"path":"media/plotly/temperature_plot_720_fa015a8356752457752f.plotly.json","_type":"plotly-file"},"_step":720,"NMBE [%]":-8.083,"Temp Comfort violation [%]":33.81,"CV-RMSE [%]":74.717,"_wandb":{"runtime":17591},"district_load":23.085227608680725,"_runtime":17591,"_timestamp":1.7790609089003565e+09}