{"_timestamp":1.778192704686709e+09,"district_load":9.407141208648682,"CV-RMSE [%]":79.643,"Temp Comfort violation [%]":31.42,"_wandb":{"runtime":7946},"NMBE [%]":10.979,"temperature_plot":{"path":"media/plotly/temperature_plot_720_f3693a00a1e832ae1f74.plotly.json","_type":"plotly-file","sha256":"f3693a00a1e832ae1f74ab067f722740ead9ea2f71d2653f9c46ade0f20b132c","size":182795},"hour":719,"_step":720,"_runtime":7946}