{"_runtime":1152,"_timestamp":1.778964340930465e+09,"_step":16,"hour":17,"district_load":30.290590167045593,"_wandb":{"runtime":1152}}