{"NMBE [%]":18.478,"_runtime":8970,"hour":719,"CV-RMSE [%]":65.319,"Temp Comfort violation [%]":15.33,"_step":720,"temperature_plot":{"path":"media/plotly/temperature_plot_720_e4b1691ae63733f4d098.plotly.json","_type":"plotly-file","sha256":"e4b1691ae63733f4d098b5ea3e7a62a6039c25dc4b566790b7da71861284e6d4","size":182785},"district_load":22.827698826789856,"_wandb":{"runtime":8970},"_timestamp":1.7789741267744389e+09}